l0 density,l1 density,min,max
0.658447265625,2.1129150390625,-132,4
0.2686767578125,0.2686767578125,0,1
0.40850830078125,1.5821533203125,-121,3
0.0859375,0.08636474609375,0,2
0.308349609375,1.93096923828125,-128,1
0.81890869140625,7.43511962890625,-249,4
0.297607421875,3.14117431640625,-211,4
0.0703125,0.83831787109375,0,19
0.27630615234375,1.40185546875,-106,2
0.1986083984375,2.3114013671875,-192,5
0.1915283203125,2.13580322265625,-207,6
1.0,1.0,1,1
0.09100341796875,0.09100341796875,0,1
0.0546875,0.0546875,0,1
0.0384521484375,1.70330810546875,-229,2
0.28961181640625,2.4996337890625,-167,3
0.13470458984375,0.13470458984375,0,1
0.11993408203125,1.91485595703125,-130,2
0.5106201171875,0.5106201171875,0,1
0.10235595703125,0.10235595703125,-1,1
0.8671875,0.8671875,0,1
0.05902099609375,0.05902099609375,0,1
0.46209716796875,2.7003173828125,-123,0
0.27203369140625,2.456298828125,-96,1
0.5732421875,2.70819091796875,-106,0
0.244384765625,8.139892578125,-133,0
0.38262939453125,3.35107421875,-309,7
0.5726318359375,3.36419677734375,-153,2
0.12939453125,1.876220703125,-156,4
0.40185546875,3.20526123046875,-85,0
0.1397705078125,2.212646484375,-208,6
0.251953125,3.804443359375,-100,0
0.54925537109375,1.775146484375,-114,3
0.19970703125,1.70391845703125,-181,4
0.58294677734375,7.807373046875,-111,0
0.08544921875,1.60882568359375,-156,9
0.1314697265625,1.8839111328125,-90,0
0.46527099609375,4.99444580078125,-390,10
0.0992431640625,1.4893798828125,-118,3
0.966552734375,1.61676025390625,-150,4
0.10577392578125,1.7313232421875,-170,4
0.13690185546875,1.30169677734375,-105,2
0.125732421875,1.43634033203125,-132,4
0.2962646484375,1.87884521484375,-124,5
0.58319091796875,6.19500732421875,-200,0
0.39605712890625,3.6759033203125,-113,0
0.202392578125,2.6822509765625,-150,2
0.0301513671875,0.0301513671875,0,1
0.47772216796875,11.54913330078125,-169,0
0.58099365234375,0.588623046875,0,2
0.251708984375,2.24456787109375,-97,1
0.30023193359375,3.60101318359375,-229,3
0.5062255859375,1.53326416015625,-97,2
0.6571044921875,2.14471435546875,-106,4
0.1015625,0.1015625,0,1
0.277587890625,0.277587890625,0,1
0.1171875,0.234375,0,2
0.80413818359375,8.2987060546875,-114,0
0.0899658203125,1.666015625,-101,16
0.3125,0.3125,0,1
0.82135009765625,4.19305419921875,-124,0
0.6737060546875,0.6737060546875,0,1
0.0887451171875,0.615478515625,-228,6
0.085693359375,1.5924072265625,-106,13
0.47247314453125,0.975341796875,-114,3
0.00323486328125,0.00323486328125,0,1
0.04180908203125,0.04180908203125,0,1
0.4781494140625,0.5260009765625,-82,1
0.1640625,0.4921875,0,3
0.3826904296875,3.60455322265625,-145,1
0.09112548828125,1.33843994140625,-124,3
0.19677734375,3.99658203125,-147,13
0.13677978515625,2.9581298828125,-105,0
0.02642822265625,1.12127685546875,-94,0
0.23291015625,0.23291015625,0,1
0.1328125,0.76507568359375,0,13
0.05706787109375,1.3494873046875,-93,0
0.06842041015625,1.13433837890625,-102,2
0.2335205078125,0.46429443359375,-148,4
0.26910400390625,3.5028076171875,-209,4
0.128173828125,2.052490234375,-193,3
0.4757080078125,1.59149169921875,-108,2
0.47393798828125,0.4779052734375,-15,3
0.21435546875,0.21435546875,0,1
0.1328125,0.30120849609375,0,3
0.11572265625,0.66583251953125,-138,2
0.3203125,0.73809814453125,0,3
0.5474853515625,3.2142333984375,-138,0
0.11474609375,1.6119384765625,-111,2
0.0919189453125,1.67529296875,-115,1
0.07904052734375,0.07904052734375,0,1
0.1578369140625,0.1578369140625,0,1
0.10321044921875,3.81103515625,-112,0
0.6412353515625,3.169921875,-139,5
1.0,1.0,1,1
0.03662109375,0.03662109375,0,1
0.19097900390625,1.99603271484375,-129,2
0.161865234375,1.6337890625,-96,1
0.22869873046875,2.3944091796875,-162,3
0.74713134765625,2.71221923828125,-219,6
0.6070556640625,3.2596435546875,-103,0
0.21875,0.50787353515625,0,3
0.22564697265625,1.7430419921875,-89,9
1.0,1.30364990234375,1,3
0.12115478515625,1.616943359375,-174,5
0.22882080078125,2.40460205078125,-161,3
0.15625,0.15625,0,1
0.079833984375,2.04608154296875,-130,2
0.302978515625,4.119873046875,-169,0
0.1837158203125,2.13275146484375,-128,2
0.15863037109375,2.801513671875,-111,0
0.40228271484375,1.759521484375,-101,5
0.42144775390625,0.42144775390625,0,1
0.98028564453125,4.546630859375,-158,5
0.03125,0.26910400390625,0,13
0.03607177734375,1.90386962890625,-208,1
0.27044677734375,2.8045654296875,-194,4
0.07745361328125,1.15606689453125,-93,2
0.2952880859375,2.25299072265625,-208,5
0.0262451171875,0.88861083984375,-105,0
0.19940185546875,2.04058837890625,-120,2
0.07635498046875,1.69281005859375,-93,1
0.078125,2.2684326171875,-161,24
0.29925537109375,6.70343017578125,-85,0
0.098388671875,1.51702880859375,-139,3
0.695068359375,5.11431884765625,-323,7
0.28125,0.28125,0,1
0.90625,0.90625,0,1
0.21533203125,2.727783203125,-191,4
0.56463623046875,0.615478515625,0,2
0.24725341796875,2.3741455078125,-166,5
0.06292724609375,0.7249755859375,-200,5
0.05609130859375,1.35693359375,-187,11
0.17657470703125,0.60009765625,-96,0
0.80474853515625,7.63873291015625,-109,0
0.3846435546875,3.41192626953125,-106,0
0.2039794921875,2.16485595703125,-150,3
0.22357177734375,1.4788818359375,-92,5
0.065673828125,1.29461669921875,-91,2
0.2364501953125,3.4991455078125,-363,10
0.06109619140625,1.71575927734375,-189,10
0.3984375,0.3984375,0,1
0.2109375,0.2109375,0,1
0.3125,1.2076416015625,0,5
0.219482421875,2.25372314453125,-143,2
0.32513427734375,1.397216796875,-95,2
0.38934326171875,4.009765625,-126,0
0.0848388671875,0.95196533203125,-205,6
0.15704345703125,2.32470703125,-114,1
0.6953125,15.65948486328125,-813,19
0.4921875,1.49029541015625,0,4
1.0,1.0,1,1
0.1663818359375,1.618896484375,-175,5
0.55963134765625,5.6400146484375,-186,0
0.06048583984375,1.41412353515625,-97,1
0.04632568359375,0.95257568359375,-137,3
0.21038818359375,3.70263671875,-81,1
0.4842529296875,3.05670166015625,-224,5
0.22357177734375,3.472900390625,-154,0
0.10211181640625,2.1400146484375,-147,2
0.05633544921875,1.5545654296875,-124,15
0.368896484375,1.43157958984375,-105,3
0.08233642578125,1.89239501953125,-87,1
0.14361572265625,1.7039794921875,-173,6
0.06134033203125,1.58087158203125,-195,8
0.1168212890625,1.76416015625,-133,3
0.08990478515625,1.39642333984375,-117,3
0.16229248046875,1.13818359375,-176,4
0.0906982421875,3.81573486328125,-206,0
0.0447998046875,1.05938720703125,-110,1
0.770751953125,0.7734375,-3,0
0.169677734375,2.18597412109375,-168,4
0.1334228515625,3.334716796875,-211,3
0.28570556640625,1.72442626953125,-169,4
0.15484619140625,1.95147705078125,-143,3
0.25,0.25,0,1
0.04913330078125,0.04913330078125,0,1
0.46405029296875,2.2322998046875,-213,6
0.68768310546875,2.28814697265625,-167,4
0.19696044921875,0.19696044921875,0,1
0.51544189453125,3.1866455078125,-94,1
0.732177734375,2.9168701171875,-158,3
0.04833984375,0.22503662109375,-100,2
0.23516845703125,1.79449462890625,-97,3
0.135009765625,1.57781982421875,-134,3
0.8046875,0.8046875,0,1
0.41619873046875,7.78021240234375,-116,0
0.65625,2.24237060546875,-171,4
0.1640625,0.6728515625,0,9
0.3541259765625,0.3541259765625,0,1
0.453125,0.453125,0,1
0.171630859375,2.1209716796875,-161,4
0.37445068359375,1.8262939453125,-123,4
0.08343505859375,1.83917236328125,-101,1
0.093994140625,1.31768798828125,-173,4
0.205322265625,2.00762939453125,-98,1
0.49774169921875,8.11102294921875,-158,0
0.03125,0.1016845703125,0,4
0.07757568359375,1.49273681640625,-128,10
0.0740966796875,0.581787109375,-205,5
0.33477783203125,7.54132080078125,-227,3
0.1015625,0.1968994140625,0,3
0.38836669921875,3.06024169921875,-224,6
0.1055908203125,2.19677734375,-323,5
0.08056640625,1.86572265625,-167,2
0.109375,0.109375,0,1
0.07568359375,2.05609130859375,-123,2
0.49334716796875,2.467041015625,-233,6
0.34283447265625,0.34283447265625,0,1
0.05902099609375,1.33685302734375,-171,5
0.123291015625,1.51507568359375,-151,5
0.04644775390625,0.82427978515625,-98,2
0.09588623046875,2.8470458984375,-84,0
0.140625,0.140625,0,1
0.39111328125,0.39111328125,0,1
0.13580322265625,1.6507568359375,-149,7
0.390625,0.90057373046875,0,3
0.22613525390625,1.626953125,-170,5
0.125,0.125,0,1
0.3897705078125,2.4061279296875,-128,0
0.14605712890625,1.87896728515625,-322,8
0.05517578125,1.06494140625,-118,3
0.24444580078125,0.4400634765625,0,4
0.42138671875,0.42138671875,0,1
0.09326171875,1.35003662109375,-96,2
0.140625,1.1019287109375,-1,10
0.1640625,0.1640625,0,1
0.5013427734375,2.5377197265625,-232,6
0.404541015625,3.44903564453125,-94,0
0.297119140625,3.7138671875,-238,5
0.03631591796875,0.03631591796875,0,1
0.28363037109375,2.196044921875,-199,6
0.1219482421875,1.63330078125,-107,3
0.04217529296875,2.537353515625,-281,24
0.21307373046875,2.454345703125,-158,10
0.12939453125,3.469482421875,-101,1
0.281005859375,1.6502685546875,-127,3
0.380859375,1.61822509765625,-114,3
0.75445556640625,2.5079345703125,-155,4
0.3546142578125,4.33697509765625,-168,1
0.59912109375,3.03094482421875,-181,5
0.81024169921875,5.5716552734375,-89,0
0.0703125,0.314208984375,0,5
0.79107666015625,1.9954833984375,-125,3
0.1328125,0.3868408203125,-4,6
0.19647216796875,3.11688232421875,-258,7
0.03424072265625,0.03424072265625,0,1
0.87908935546875,3.07745361328125,-105,0
0.9599609375,2.64306640625,-136,4
0.0455322265625,0.0455322265625,0,1
0.203857421875,2.13720703125,-142,3
0.24530029296875,2.7462158203125,-126,1
0.42803955078125,0.42803955078125,0,1
0.24249267578125,1.8050537109375,-330,9
0.828125,0.9034423828125,0,2
0.6055908203125,7.0208740234375,-155,7
0.375,0.75,0,2
0.02740478515625,0.9034423828125,-118,1
0.109375,0.109375,0,1
0.12164306640625,1.71124267578125,-148,4
0.04486083984375,0.83709716796875,-200,6
0.1839599609375,1.90093994140625,-100,1
0.3023681640625,2.83245849609375,-124,1
0.18780517578125,1.8763427734375,-114,2
0.1484375,0.50958251953125,0,5
1.0,1.0,1,1
0.1026611328125,4.26666259765625,-115,0
0.64111328125,0.64111328125,0,1
1.0,1.50030517578125,-110,4
0.0625,0.3616943359375,0,8
0.32763671875,1.86334228515625,-157,4
0.0869140625,1.42547607421875,-227,7
0.023681640625,0.023681640625,0,1
0.087646484375,1.35089111328125,-110,2
0.10150146484375,1.3115234375,-124,4
0.1982421875,1.96337890625,-141,4
0.20587158203125,2.27288818359375,-151,3
0.099365234375,2.7601318359375,-103,1
0.1328125,0.624755859375,0,10
0.370361328125,9.0218505859375,-167,0
0.5859375,0.5859375,0,1
0.23468017578125,0.23468017578125,0,1
0.0546875,0.0546875,0,1
0.1668701171875,3.27081298828125,-180,9
0.0528564453125,1.34033203125,-161,3
0.29046630859375,3.975341796875,-100,0
0.0703125,0.1837158203125,0,3
0.09063720703125,0.99578857421875,-98,2
0.078125,0.078125,0,1
0.13360595703125,4.3475341796875,-122,1
0.0703125,0.95318603515625,0,17
0.5072021484375,9.314208984375,-228,3
0.1143798828125,1.30035400390625,-116,4
0.0345458984375,0.663818359375,-96,2
0.984375,0.984375,0,1
0.15618896484375,1.91357421875,-154,4
1.0,1.0889892578125,1,2
0.3984375,0.3984375,0,1
0.3984375,5.69964599609375,-210,6
0.125,0.1796875,0,2
0.921142578125,2.20684814453125,-87,3
0.029541015625,1.61260986328125,-170,1
0.24200439453125,1.68853759765625,-148,5
0.11273193359375,1.545654296875,-103,2
0.26708984375,2.61285400390625,-86,0
0.2529296875,3.7967529296875,-276,4
0.2232666015625,2.21356201171875,-125,2
0.087158203125,1.9599609375,-93,1
0.05511474609375,1.01141357421875,-95,1
0.26788330078125,1.5751953125,-153,4
0.2880859375,1.7554931640625,-104,5
0.197265625,0.197265625,0,1
0.0386962890625,0.0386962890625,0,1
0.21563720703125,0.3096923828125,-90,2
0.23394775390625,0.896728515625,-100,0
0.85595703125,3.17095947265625,-110,4
0.13262939453125,3.8311767578125,-378,10
0.100341796875,1.61761474609375,-130,3
0.03125,0.03125,0,1
0.1484375,0.28680419921875,0,2
0.94921875,0.94921875,0,1
0.0458984375,0.916748046875,-111,1
0.10205078125,1.67535400390625,-188,5
0.09149169921875,1.3212890625,-116,3
0.14154052734375,0.14154052734375,0,1
0.34228515625,1.64776611328125,-154,4
0.875,0.875,0,1
0.421875,0.62396240234375,0,2
0.29443359375,0.29443359375,0,1
0.5274658203125,2.7081298828125,-114,2
0.547607421875,1.52728271484375,-95,3
0.17919921875,2.03631591796875,-136,3
0.3203125,0.6142578125,0,2
0.0701904296875,1.75787353515625,-224,6
0.06890869140625,1.44598388671875,-96,2
0.07086181640625,0.07086181640625,0,1
0.13873291015625,1.88446044921875,-157,4
0.09454345703125,2.2738037109375,-83,1
0.296875,2.504638671875,-1,10
0.1419677734375,0.202880859375,-84,3
0.45306396484375,4.68963623046875,-117,4
0.05499267578125,6.72149658203125,-801,39
0.3177490234375,0.3177490234375,0,1
0.03680419921875,0.72003173828125,-94,1
0.347412109375,3.68096923828125,-126,1
0.07080078125,1.8626708984375,-87,1
0.78857421875,2.6988525390625,-171,4
0.29364013671875,3.946533203125,-192,2
0.04449462890625,0.70684814453125,-180,6
0.1796875,0.1796875,0,1
0.44476318359375,3.71124267578125,-110,0
0.207275390625,1.88287353515625,-89,1
0.27886962890625,2.45068359375,-211,5
0.1405029296875,4.42041015625,-107,0
0.15631103515625,2.72705078125,-188,5
0.8558349609375,5.169677734375,-86,0
0.46337890625,3.42303466796875,-334,8
0.129150390625,2.02105712890625,-109,2
0.0546875,0.241455078125,0,6
0.4661865234375,1.616455078125,-121,3
0.1024169921875,3.35986328125,-115,0
0.06060791015625,0.06060791015625,0,1
0.3046875,0.3046875,0,1
0.29864501953125,2.2734375,-148,3
0.1171875,0.1171875,0,1
0.2611083984375,2.025634765625,-109,8
0.23785400390625,2.3011474609375,-125,2
0.1524658203125,2.26104736328125,-147,3
0.19561767578125,1.3931884765625,-122,3
0.2265625,0.38934326171875,0,2
0.128173828125,2.05291748046875,-239,6
0.035400390625,1.10845947265625,-137,6
0.246826171875,2.5611572265625,-143,2
0.0931396484375,1.06365966796875,-197,5
0.1290283203125,1.3778076171875,-101,2
0.741455078125,6.88995361328125,-122,0
0.2138671875,1.90313720703125,-173,5
0.379150390625,1.0244140625,-115,0
0.06707763671875,1.2459716796875,-98,2
0.47833251953125,2.21343994140625,-180,5
0.41802978515625,0.41802978515625,0,1
0.43365478515625,0.48052978515625,0,2
0.2252197265625,2.665283203125,-159,3
0.10675048828125,1.542724609375,-113,2
0.19464111328125,1.88232421875,-146,4
0.12823486328125,1.22900390625,-131,0
0.76202392578125,4.86505126953125,-118,0
0.033447265625,0.92193603515625,-94,0
0.1409912109375,2.021728515625,-108,1
0.20880126953125,1.9114990234375,-158,4
0.046875,2.3797607421875,0,60
0.1328125,0.14080810546875,0,2
0.0760498046875,1.50738525390625,-106,2
0.10089111328125,1.73236083984375,-160,4
0.08172607421875,0.08172607421875,0,1
0.07916259765625,1.72100830078125,-173,5
0.6961669921875,3.492431640625,-273,8
0.15826416015625,1.49615478515625,-128,2
0.3046875,0.3046875,0,1
0.69189453125,2.64642333984375,-158,4
0.1279296875,2.3841552734375,-160,4
0.37969970703125,0.37969970703125,0,1
0.183837890625,3.636474609375,-900,28
0.35003662109375,1.54278564453125,-118,3
0.2890625,0.2890625,0,1
0.1649169921875,0.1834716796875,-46,0
0.10443115234375,0.47784423828125,-146,2
0.1552734375,1.8817138671875,-89,13
0.29046630859375,1.53851318359375,-107,0
0.34490966796875,1.414794921875,-81,9
0.08026123046875,1.6312255859375,-163,4
0.390625,0.9671630859375,0,3
0.035400390625,1.353515625,-167,10
0.05731201171875,0.78033447265625,-144,3
0.84332275390625,11.8187255859375,-243,1
0.56689453125,3.43072509765625,-151,4
0.20880126953125,3.0247802734375,-195,0
0.21612548828125,1.92059326171875,-88,1
0.267822265625,1.342529296875,-118,0
0.22100830078125,2.919921875,-314,9
0.18359375,1.55419921875,-140,0
0.0513916015625,1.64825439453125,-147,8
0.07110595703125,1.99896240234375,-89,0
0.77142333984375,3.7330322265625,-148,4
0.222412109375,2.2474365234375,-122,2
0.515625,0.515625,0,1
0.07769775390625,1.2723388671875,-139,2
0.218994140625,5.73016357421875,-85,0
0.19281005859375,2.07794189453125,-130,2
0.19403076171875,4.058837890625,-168,4
0.291015625,1.97100830078125,-116,2
0.109375,0.211669921875,0,3
0.2333984375,2.61236572265625,-242,6
0.675537109375,0.675537109375,0,1
0.3406982421875,1.61566162109375,-125,3
0.101806640625,0.101806640625,0,1
0.6796875,0.6796875,0,1
0.15972900390625,0.15972900390625,0,1
0.3125,2.7442626953125,-92,0
0.47052001953125,1.77972412109375,-146,4
0.14208984375,1.8341064453125,-154,4
0.09375,0.09375,0,1
0.42364501953125,2.42041015625,-201,5
0.06158447265625,1.22088623046875,-118,2
0.3055419921875,3.27880859375,-123,1
0.5826416015625,0.59088134765625,-11,0
0.0941162109375,1.52496337890625,-142,4
0.49072265625,1.12005615234375,-116,3
0.5855712890625,1.94512939453125,-140,3
0.23565673828125,5.48876953125,-88,1
0.22625732421875,1.7105712890625,-172,5
0.16351318359375,1.33837890625,-214,5
0.12799072265625,0.76220703125,-142,0
0.081298828125,0.84527587890625,-109,2
0.66925048828125,8.22869873046875,-111,0
0.171875,0.22723388671875,0,2
0.0859375,0.0859375,0,1
0.20562744140625,6.77294921875,-96,1
0.3743896484375,5.48541259765625,-122,0
0.10003662109375,1.70465087890625,-108,14
0.5816650390625,1.90496826171875,-122,3
0.08001708984375,1.77276611328125,-85,1
0.03125,0.03125,0,1
0.4129638671875,0.4129638671875,0,1
0.35894775390625,3.221435546875,-106,0
0.051025390625,0.975830078125,-93,2
0.16351318359375,2.78533935546875,-225,6
0.146484375,1.61871337890625,-192,7
0.9962158203125,3.1646728515625,-108,5
0.03125,1.4432373046875,-131,30
0.03125,0.03125,0,1
0.260009765625,2.74298095703125,-194,5
0.21612548828125,3.3555908203125,-122,1
0.0625,0.0625,0,1
0.57574462890625,0.57574462890625,0,1
0.0555419921875,1.81402587890625,-159,0
0.0390625,0.0390625,0,1
0.6875,0.6875,0,1
0.26934814453125,0.26934814453125,0,1
0.0390625,0.0390625,0,1
0.2420654296875,2.63690185546875,-133,2
0.17486572265625,0.17486572265625,0,1
0.10107421875,1.60797119140625,-149,4
0.890625,1.62823486328125,0,2
0.07763671875,1.431396484375,-147,2
0.0465087890625,1.3734130859375,-170,10
0.20330810546875,2.05517578125,-178,6
0.114990234375,0.114990234375,0,1
0.31951904296875,4.04937744140625,-293,4
0.25335693359375,1.51043701171875,-124,1
0.0784912109375,0.7032470703125,-197,6
0.282958984375,2.1455078125,-179,5
0.2271728515625,1.7818603515625,-149,5
0.22161865234375,2.26190185546875,-207,5
0.47088623046875,1.61590576171875,-113,3
0.25,0.40252685546875,0,3
0.1484375,0.1484375,0,1
0.046875,0.3267822265625,0,12
0.80316162109375,0.88006591796875,-14,0
0.0753173828125,0.996337890625,-112,2
0.241943359375,0.241943359375,0,1
0.357421875,2.9232177734375,-143,1
0.26495361328125,4.08807373046875,-83,0
0.21466064453125,7.34466552734375,-104,0
0.0703125,0.37579345703125,-1,8
0.0611572265625,1.0645751953125,-95,2
0.0765380859375,1.22967529296875,-105,2
0.02886962890625,0.02886962890625,0,1
0.4786376953125,3.253173828125,-130,7
0.21319580078125,6.2730712890625,-90,0
0.3277587890625,2.033447265625,-192,5
0.1561279296875,3.337646484375,-222,3
0.1009521484375,1.63995361328125,-159,4
0.21478271484375,1.7308349609375,-186,5
0.51409912109375,0.51409912109375,0,1
0.10247802734375,0.10247802734375,0,1
0.17510986328125,2.06494140625,-141,3
0.48382568359375,0.48382568359375,-1,0
0.203125,0.2218017578125,0,2
0.1083984375,1.7613525390625,-160,4
0.71136474609375,8.54296875,-125,0
0.4881591796875,2.10650634765625,-144,4
0.13067626953125,0.13067626953125,0,1
0.3465576171875,1.70281982421875,-160,4
0.1328125,0.1328125,0,1
0.04638671875,1.96356201171875,-214,26
0.19073486328125,1.1622314453125,-112,1
0.10498046875,1.645751953125,-123,3
0.62384033203125,4.92242431640625,-239,6
0.108642578125,1.5899658203125,-167,7
0.2880859375,3.116455078125,-160,2
0.41583251953125,3.111083984375,-79,2
0.14105224609375,1.72406005859375,-113,2
0.06878662109375,0.06878662109375,0,1
0.0697021484375,1.53228759765625,-153,10
0.859375,0.859375,0,1
0.4742431640625,0.4742431640625,0,1
0.71954345703125,12.5521240234375,-216,3
0.2266845703125,2.38592529296875,-166,5
0.21502685546875,2.0692138671875,-107,1
0.42755126953125,9.45538330078125,-307,1
0.3741455078125,13.23345947265625,-205,0
0.1336669921875,0.153076171875,-42,0
0.3140869140625,2.34771728515625,-87,0
0.09381103515625,1.501953125,-128,3
0.195556640625,1.11273193359375,-103,1
0.2484130859375,3.4013671875,-148,1
0.1488037109375,1.831787109375,-97,1
0.105712890625,1.62237548828125,-138,3
0.0157470703125,0.0157470703125,0,1
0.1640625,0.1640625,0,1
0.16961669921875,0.16961669921875,0,1
0.1737060546875,1.7437744140625,-89,1
0.21875,0.4375,0,2
0.24151611328125,1.4976806640625,-109,1
0.2265625,0.2265625,0,1
0.46875,6.6556396484375,-133,0
0.39971923828125,1.621337890625,-133,3
0.3046875,0.822265625,0,6
0.1015625,0.5140380859375,0,7
0.2958984375,0.2958984375,0,1
0.16510009765625,4.48138427734375,-231,12
0.1484375,1.6871337890625,0,20
0.27874755859375,0.3226318359375,0,2
0.24786376953125,2.66534423828125,-144,2
0.181396484375,1.99945068359375,-141,3
0.26385498046875,1.1072998046875,-92,3
0.2020263671875,0.90997314453125,-118,1
0.43975830078125,2.8729248046875,-141,2
0.03125,1.04608154296875,-67,50
0.229736328125,5.16754150390625,-490,15
1.0,1.0,1,1
0.09661865234375,1.3978271484375,-113,2
0.07421875,0.40252685546875,0,9
0.0545654296875,1.82501220703125,-123,37
0.6173095703125,1.41217041015625,-6,3
0.2191162109375,1.64691162109375,-163,4
0.105712890625,1.96185302734375,-130,11
0.4327392578125,0.4718017578125,0,2
0.10015869140625,2.80841064453125,-113,1
0.07379150390625,1.48431396484375,-187,8
0.125,0.125,0,1
0.21331787109375,2.13531494140625,-129,2
0.06817626953125,0.0682373046875,0,2
0.1171875,0.23583984375,0,3
0.3450927734375,5.3990478515625,-152,6
0.15130615234375,1.9146728515625,-106,11
0.20635986328125,2.29833984375,-138,2
0.27215576171875,5.97454833984375,-98,0
0.2147216796875,7.05609130859375,-93,0
0.25836181640625,1.7467041015625,-181,5
0.37274169921875,4.67706298828125,-289,10
0.177978515625,2.51019287109375,-286,11
0.2054443359375,2.16375732421875,-153,3
0.32977294921875,1.44091796875,-109,3
0.48248291015625,3.55889892578125,-204,4
0.22344970703125,0.75994873046875,-123,0
0.2578125,0.36199951171875,0,2
0.32147216796875,2.9644775390625,-121,1
0.053955078125,1.24383544921875,-86,0
0.16033935546875,1.1060791015625,-446,13
0.1484375,0.1484375,0,1
0.30596923828125,1.25311279296875,-119,3
0.188720703125,4.364501953125,-394,9
0.17645263671875,2.40765380859375,-134,2
0.1512451171875,2.49462890625,-128,1
0.22052001953125,1.513671875,-151,4
0.142578125,2.55859375,-103,0
0.4783935546875,1.58184814453125,-114,3
1.0,1.58831787109375,1,2
0.04559326171875,1.0364990234375,-190,5
0.14642333984375,1.75018310546875,-139,8
0.03192138671875,1.01953125,-83,0
0.06085205078125,1.40606689453125,-62,30
0.4805908203125,3.21722412109375,-289,6
0.29339599609375,0.33563232421875,0,2
0.18927001953125,1.4134521484375,-137,3
0.2667236328125,2.508544921875,-111,1
0.05255126953125,1.05084228515625,-113,2
0.30633544921875,2.6414794921875,-211,2
0.4681396484375,0.4681396484375,0,1
0.9871826171875,3.06982421875,-114,2
0.452880859375,7.283935546875,-145,0
0.09454345703125,2.2972412109375,-143,3
0.3409423828125,4.74761962890625,-157,1
0.10821533203125,3.30010986328125,-100,0
0.445556640625,1.982177734375,-105,0
0.12640380859375,2.999755859375,-174,5
0.1756591796875,1.7603759765625,-190,5
0.0390625,0.0390625,0,1
0.0859375,1.33160400390625,-110,2
0.2108154296875,1.587646484375,-177,6
0.1685791015625,0.6129150390625,-235,6
0.4140625,0.9129638671875,0,4
0.07379150390625,1.6644287109375,-149,12
0.625244140625,3.68719482421875,-273,7
0.15570068359375,1.5699462890625,-75,14
0.977783203125,15.856201171875,-249,1
0.515625,0.89013671875,0,2
0.055419921875,0.055419921875,0,1
0.09844970703125,1.44744873046875,-140,4
0.16119384765625,1.29132080078125,-182,9
0.25469970703125,1.6661376953125,-173,4
0.04315185546875,2.158203125,-265,15
0.14666748046875,1.92498779296875,-176,7
0.05322265625,1.5582275390625,-253,9
0.15032958984375,2.916748046875,-108,0
0.090576171875,1.56805419921875,-160,7
0.0458984375,1.02398681640625,-110,2
0.50970458984375,1.5672607421875,-99,2
0.109130859375,2.107421875,-125,20
0.22119140625,0.93597412109375,-137,1
0.325439453125,2.54669189453125,-264,7
0.2698974609375,2.57568359375,-117,1
0.15435791015625,0.1546630859375,0,2
0.1163330078125,1.57562255859375,-105,2
0.187255859375,1.8394775390625,-181,5
0.84375,0.84375,0,1
0.300537109375,0.378662109375,0,2
0.196044921875,2.3748779296875,-201,5
0.11907958984375,0.11907958984375,0,1
0.55267333984375,1.9246826171875,-147,4
0.0587158203125,1.02532958984375,-88,1
0.56805419921875,12.38787841796875,-176,0
0.6253662109375,8.56048583984375,-118,0
0.8421630859375,0.8421630859375,0,1
0.3555908203125,1.4193115234375,-102,2
0.14959716796875,1.86871337890625,-211,8
0.11212158203125,1.9013671875,-180,6
0.33843994140625,0.7763671875,0,9
0.096923828125,1.61236572265625,-77,1
0.3248291015625,2.7139892578125,-202,5
0.08453369140625,1.2822265625,-100,2
0.16290283203125,1.95556640625,-89,0
0.1500244140625,1.60101318359375,-154,5
0.396484375,4.30047607421875,-159,1
0.9642333984375,4.55401611328125,-235,6
0.11517333984375,2.54803466796875,-117,0
0.20684814453125,0.20684814453125,0,1
0.125732421875,0.125732421875,0,1
0.0887451171875,2.5015869140625,-91,0
0.8084716796875,3.4393310546875,-215,6
0.08111572265625,0.94903564453125,-167,4
0.29913330078125,0.29913330078125,0,1
0.121826171875,0.121826171875,0,1
0.20050048828125,2.10406494140625,-135,3
0.1328125,0.1328125,0,1
0.0625,0.0631103515625,0,2
0.2117919921875,5.0159912109375,-103,0
0.84124755859375,0.84124755859375,0,1
0.10577392578125,1.73260498046875,-168,5
0.66552734375,0.66552734375,0,1
0.02862548828125,0.02862548828125,0,1
0.99969482421875,1.41168212890625,-121,3
0.407958984375,6.70526123046875,-89,0
0.38531494140625,3.6983642578125,-114,0
0.3125,1.162109375,-201,6
0.5078125,0.5078125,0,1
0.0985107421875,1.6351318359375,-181,5
0.49658203125,3.74993896484375,-154,7
0.35400390625,0.35400390625,0,1
0.27117919921875,1.99298095703125,-132,6
0.18682861328125,1.94970703125,-132,3
0.33111572265625,3.44097900390625,-270,7
0.1990966796875,0.1990966796875,0,1
0.09124755859375,1.45440673828125,-129,3
0.3365478515625,1.93292236328125,-192,1
0.09368896484375,1.64483642578125,-185,5
0.2109375,0.59576416015625,0,6
0.5625,0.7647705078125,0,2
0.82757568359375,3.0924072265625,-129,3
0.46734619140625,2.02984619140625,-178,4
0.2987060546875,1.68524169921875,-169,5
0.16357421875,0.45477294921875,-105,0
0.02880859375,0.02880859375,0,1
0.046875,1.55206298828125,-107,23
0.37359619140625,0.37359619140625,0,1
0.24615478515625,0.24615478515625,0,1
0.9993896484375,6.18280029296875,-341,2
0.29974365234375,0.29974365234375,0,1
0.150146484375,2.25946044921875,-138,2
0.29510498046875,1.7630615234375,-111,6
0.4898681640625,0.77490234375,-149,3
0.046875,0.05340576171875,0,2
0.14288330078125,0.5465087890625,-129,2
0.0384521484375,2.7938232421875,-351,12
0.39776611328125,0.39776611328125,0,1
0.09539794921875,2.86248779296875,-94,0
0.55218505859375,1.988525390625,-133,3
0.1572265625,2.39666748046875,-226,6
0.2125244140625,1.6390380859375,-156,5
0.20501708984375,0.29718017578125,0,3
0.10125732421875,1.0333251953125,-371,12
0.72613525390625,5.64276123046875,-289,4
0.1502685546875,0.1502685546875,0,1
0.2606201171875,7.3909912109375,-135,0
0.07757568359375,1.445556640625,-134,3
1.0,1.0,1,1
0.09375,0.171875,0,2
0.53125,0.53125,0,1
0.52099609375,1.73748779296875,-142,3
0.095458984375,0.095458984375,0,1
0.320556640625,1.36846923828125,-100,3
0.48193359375,1.573974609375,-109,3
0.4652099609375,4.91607666015625,-310,9
0.3746337890625,1.98504638671875,-170,5
0.51568603515625,9.5341796875,-236,3
0.22332763671875,2.30419921875,-142,3
0.2186279296875,3.4879150390625,-283,6
0.2227783203125,3.07208251953125,-107,0
0.5626220703125,9.08990478515625,-217,1
0.05426025390625,3.798583984375,-582,16
0.1962890625,2.8359375,-311,9
0.177978515625,0.83990478515625,-140,2
0.1171875,0.17449951171875,0,2
0.418212890625,2.87030029296875,-232,6
0.068359375,0.068359375,0,1
0.44610595703125,3.365478515625,-90,0
0.171875,1.7802734375,-107,2
0.03125,0.03125,0,1
0.17156982421875,1.92535400390625,-191,4
0.103759765625,2.31634521484375,-195,4
0.27587890625,2.97283935546875,-295,5
0.1995849609375,2.01763916015625,-233,8
0.087158203125,1.6585693359375,-127,3
0.0631103515625,1.2503662109375,-116,5
0.202392578125,1.30377197265625,-103,2
0.201171875,0.22698974609375,-53,0
0.3094482421875,7.59893798828125,-316,4
0.310546875,0.310546875,0,1
0.462158203125,0.504638671875,0,2
0.26104736328125,2.261474609375,-134,0
0.109619140625,2.6043701171875,-197,4
0.22998046875,0.22998046875,0,1
0.35577392578125,0.35577392578125,0,1
0.13623046875,1.5341796875,-122,3
0.268798828125,1.9835205078125,-126,3
0.67669677734375,4.51995849609375,-171,5
0.48797607421875,3.30718994140625,-245,6
0.03668212890625,0.03668212890625,0,1
0.048828125,0.048828125,0,1
0.04852294921875,1.40386962890625,-168,10
0.1346435546875,0.1346435546875,0,1
0.34130859375,3.193359375,-109,0
0.2891845703125,4.82684326171875,-396,13
0.071044921875,1.54412841796875,-109,2
0.1121826171875,2.02679443359375,-246,14
0.203125,0.203125,0,1
0.2545166015625,4.10137939453125,-317,7
0.06634521484375,1.82958984375,-106,2
0.059814453125,2.00341796875,-99,0
0.22344970703125,0.22344970703125,0,1
0.048095703125,0.9488525390625,-100,2
0.6767578125,4.1044921875,-115,0
0.06988525390625,1.85443115234375,-88,0
0.046875,0.046875,0,1
0.17041015625,2.2943115234375,-104,1
0.7353515625,8.16973876953125,-118,0
0.07354736328125,1.49639892578125,-125,1
0.33203125,3.18896484375,-127,1
0.27203369140625,2.0291748046875,-109,8
0.0797119140625,0.44171142578125,-101,3
0.203125,0.61700439453125,0,7
0.34710693359375,2.76007080078125,-210,1
0.422607421875,1.8251953125,-99,5
0.6060791015625,1.26190185546875,-113,4
0.73760986328125,3.8697509765625,-142,4
0.6024169921875,4.291748046875,-100,0
0.083740234375,0.083740234375,0,1
0.05859375,1.525390625,-165,11
0.67169189453125,0.74139404296875,0,2
0.59930419921875,2.66558837890625,-167,4
0.25,0.9765625,0,4
0.0904541015625,1.4337158203125,-116,3
0.2734375,0.2734375,0,1
0.10430908203125,1.5684814453125,-125,3
0.06573486328125,1.53717041015625,-130,9
0.0703125,0.0703125,0,1
0.04052734375,0.797119140625,-88,1
0.09869384765625,1.612060546875,-153,4
0.7578125,2.4454345703125,0,4
0.41949462890625,2.27978515625,-172,0
0.2774658203125,2.5216064453125,-110,1
0.57122802734375,1.876708984375,-95,0
0.2138671875,2.27618408203125,-198,5
0.03076171875,0.03076171875,0,1
0.1484375,0.28253173828125,0,3
0.40289306640625,3.84521484375,-100,0
0.1910400390625,2.069091796875,-134,3
0.10888671875,2.9827880859375,-96,0
0.56231689453125,6.7274169921875,-116,3
0.530029296875,1.748046875,-112,3
0.44110107421875,1.67669677734375,-147,4
0.13128662109375,0.13128662109375,0,1
0.46710205078125,5.32330322265625,-108,0
0.25,0.58380126953125,0,3
0.26385498046875,2.09002685546875,-147,4
0.03125,1.18267822265625,-76,44
0.73016357421875,9.9560546875,-135,0
0.10162353515625,3.34814453125,-137,2
0.11578369140625,0.11578369140625,0,1
0.127197265625,4.77783203125,-900,33
0.21282958984375,2.2803955078125,-166,3
0.21221923828125,2.18450927734375,-219,7
0.19451904296875,1.4742431640625,-128,2
0.189208984375,2.86456298828125,-503,19
0.25,0.25,0,1
0.28692626953125,1.43865966796875,-93,2
0.25238037109375,1.4141845703125,-146,1
0.5076904296875,0.56005859375,-186,2
0.10638427734375,1.33966064453125,-95,0
0.23651123046875,0.23651123046875,0,1
0.1171875,1.26177978515625,-167,4
0.49176025390625,5.66436767578125,-240,1
0.6881103515625,13.91131591796875,-220,0
0.0594482421875,1.4202880859375,-104,1
0.22344970703125,3.02569580078125,-203,4
0.1640625,0.1640625,0,1
0.415283203125,3.21856689453125,-131,9
0.05670166015625,0.05670166015625,0,1
0.34722900390625,0.34722900390625,0,1
0.21856689453125,1.9683837890625,-163,3
0.16436767578125,1.9349365234375,-236,7
0.030029296875,0.7586669921875,-95,3
0.0946044921875,1.417724609375,-107,2
0.4295654296875,7.5484619140625,-684,19
0.19140625,2.440185546875,-219,6
0.03125,0.06207275390625,0,2
0.3277587890625,3.62322998046875,-137,0
0.0765380859375,1.4013671875,-124,8
0.1484375,0.15472412109375,0,2
0.87017822265625,3.23553466796875,-191,4
0.47772216796875,0.47772216796875,0,1
0.10791015625,1.3638916015625,-109,2
0.39263916015625,1.6939697265625,-149,4
0.384521484375,1.5118408203125,-105,2
0.1192626953125,1.81243896484375,-131,3
0.38397216796875,3.628173828125,-108,0
1.0,1.0,1,1
0.0587158203125,1.48736572265625,-112,0
0.09747314453125,1.550537109375,-141,4
0.171875,0.4638671875,0,4
0.07025146484375,0.92364501953125,-189,8
0.4007568359375,0.47821044921875,0,2
0.10418701171875,1.6241455078125,-149,4
0.5738525390625,6.23260498046875,-80,0
0.45965576171875,2.6968994140625,-147,4
0.26910400390625,2.97589111328125,-197,6
0.4329833984375,2.51702880859375,-140,1
0.453369140625,4.46685791015625,-262,6
0.37762451171875,1.7281494140625,-96,5
0.0390625,0.13958740234375,0,4
0.1087646484375,1.67266845703125,-140,3
0.19580078125,2.06365966796875,-155,5
0.22662353515625,2.568359375,-139,2
0.1038818359375,1.7939453125,-176,5
0.6317138671875,1.3585205078125,-119,3
0.10406494140625,1.68902587890625,-157,4
0.19476318359375,1.39337158203125,-115,3
1.0,1.0,1,1
0.5206298828125,1.93817138671875,-132,3
0.088623046875,1.219970703125,-102,3
0.02386474609375,0.02386474609375,0,1
0.2222900390625,1.83648681640625,-97,9
0.1641845703125,2.112548828125,-133,2
0.19659423828125,2.46331787109375,-186,7
0.625,0.625,0,1
0.082275390625,1.29803466796875,-107,2
0.29656982421875,4.97882080078125,-191,1
0.1263427734375,1.36279296875,-90,3
0.14483642578125,1.03668212890625,-188,10
0.0859375,0.87603759765625,-86,1
1.0,1.0,1,1
0.25457763671875,1.5411376953125,-110,3
0.06060791015625,1.38677978515625,-235,8
0.1229248046875,1.43621826171875,-142,4
0.380615234375,5.51947021484375,-120,0
0.15545654296875,0.46356201171875,0,7
0.7109375,0.99969482421875,0,2
0.45428466796875,2.71527099609375,-133,2
0.5269775390625,3.0521240234375,-292,8
0.28619384765625,2.7958984375,-241,7
0.271484375,0.271484375,0,1
0.2403564453125,1.33929443359375,-111,2
0.1328125,0.1328125,0,1
0.0858154296875,1.396728515625,-173,5
1.0,1.0,1,1
0.2562255859375,0.2562255859375,0,1
0.6077880859375,2.8385009765625,-239,6
0.03704833984375,1.03729248046875,-121,1
0.06494140625,1.2540283203125,-115,2
0.0565185546875,0.0565185546875,0,1
0.034423828125,1.05596923828125,-173,3
0.80035400390625,2.048583984375,-135,4
0.1015625,0.533447265625,0,9
0.09600830078125,1.48876953125,-217,14
0.271484375,3.19287109375,-190,3
0.27569580078125,2.2176513671875,-235,6
0.0963134765625,2.654541015625,-105,1
0.10650634765625,0.4788818359375,-160,3
0.304931640625,0.31365966796875,-20,0
0.36029052734375,0.37164306640625,0,2
0.28826904296875,1.53765869140625,-131,3
0.08447265625,0.65399169921875,-98,0
0.21783447265625,2.7857666015625,-216,5
0.1484375,1.49310302734375,-126,4
0.34442138671875,1.93121337890625,-199,5
0.1898193359375,1.9901123046875,-141,2
0.03125,0.04107666015625,0,2
0.0638427734375,0.1185302734375,0,2
0.3828125,0.80584716796875,0,4
0.31707763671875,1.32794189453125,-107,2
0.25872802734375,3.9619140625,-159,2
0.3419189453125,0.3419189453125,0,1
0.078125,0.46002197265625,0,11
0.07470703125,1.74591064453125,-122,3
0.6065673828125,0.8118896484375,0,2
0.20343017578125,2.08782958984375,-136,3
0.12225341796875,2.26239013671875,-181,5
0.72442626953125,4.3653564453125,-252,50
0.03424072265625,0.97210693359375,-85,1
0.11187744140625,1.5826416015625,-116,2
0.046875,0.24407958984375,0,7
0.0308837890625,0.0308837890625,0,1
0.19122314453125,3.60284423828125,-216,4
0.03125,0.10028076171875,0,4
0.10369873046875,1.61932373046875,-104,1
0.30352783203125,3.367431640625,-138,1
0.43438720703125,1.49139404296875,-308,10
0.115234375,1.6644287109375,-108,2
0.17767333984375,1.71441650390625,-92,1
0.60693359375,1.84149169921875,-133,3
0.1834716796875,0.1834716796875,0,1
0.77459716796875,8.77685546875,-143,1
0.30828857421875,3.175537109375,-202,9
0.12799072265625,3.2213134765625,-84,0
0.23162841796875,2.39093017578125,-253,7
0.08453369140625,1.787841796875,-91,1
0.81573486328125,6.688720703125,-98,0
0.07550048828125,1.06280517578125,-141,3
0.29217529296875,1.5968017578125,-113,2
0.1053466796875,3.31292724609375,-91,0
0.47222900390625,1.62078857421875,-108,3
0.1673583984375,1.5574951171875,-180,7
0.21820068359375,0.2293701171875,-60,2
0.09857177734375,1.489990234375,-119,3
0.5390625,0.5390625,0,1
0.2421875,0.2421875,0,1
0.0390625,0.0390625,0,1
0.17926025390625,0.17926025390625,0,1
0.9754638671875,1.55535888671875,-111,3
0.1953125,0.1953125,0,1
0.53338623046875,4.309326171875,-90,0
0.085205078125,0.085205078125,0,1
0.20318603515625,2.15869140625,-118,2
0.1693115234375,4.92425537109375,-120,0
0.257568359375,0.4857177734375,-89,0
0.59649658203125,1.802001953125,-116,3
0.197265625,12.23736572265625,-226,0
0.1522216796875,1.5379638671875,-107,2
0.1561279296875,0.1561279296875,0,1
0.17828369140625,1.736572265625,-105,9
0.16986083984375,1.2962646484375,-170,3
0.093505859375,0.65435791015625,-121,3
0.09039306640625,2.17584228515625,-103,1
0.51763916015625,1.97967529296875,-98,7
0.2813720703125,0.2813720703125,0,1
0.32745361328125,3.5643310546875,-132,1
0.45855712890625,0.45855712890625,0,1
0.0703125,0.37841796875,0,6
0.15338134765625,1.66473388671875,-105,1
0.078125,0.5250244140625,0,13
0.31298828125,0.31298828125,0,1
0.1717529296875,1.63958740234375,-149,5
0.08697509765625,1.40179443359375,-97,1
0.07525634765625,1.806396484375,-123,3
0.38153076171875,7.0406494140625,-184,1
0.109375,0.2109375,0,2
0.074462890625,3.5582275390625,-376,14
0.27081298828125,2.5306396484375,-135,4
0.15313720703125,1.45074462890625,-115,2
0.03314208984375,0.03314208984375,0,1
0.4296875,1.24749755859375,0,3
0.4375,0.87322998046875,0,2
0.568603515625,1.8472900390625,-107,3
0.070556640625,1.4354248046875,-176,7
0.56256103515625,2.1614990234375,-126,3
0.1015625,0.19659423828125,0,3
0.48345947265625,1.7923583984375,-155,4
0.046875,0.046875,0,1
0.1280517578125,0.849365234375,-194,5
0.02618408203125,1.25250244140625,-152,12
0.98248291015625,4.30657958984375,-157,5
0.50811767578125,7.78155517578125,-105,0
0.841064453125,0.841064453125,0,1
0.3126220703125,1.37213134765625,-99,2
0.06219482421875,1.72430419921875,-108,0
0.64141845703125,1.8343505859375,-121,3
0.10028076171875,1.61669921875,-130,3
0.3052978515625,2.55255126953125,-256,8
0.757080078125,1.9896240234375,-113,2
0.28350830078125,1.47100830078125,-105,3
0.0390625,1.83642578125,-121,64
0.02911376953125,0.4842529296875,-48,16
0.08642578125,0.08642578125,0,1
0.0361328125,0.7684326171875,-96,1
1.0,1.0,1,1
0.390625,0.390625,0,1
0.281982421875,0.281982421875,0,1
0.24407958984375,1.51922607421875,-116,2
0.6412353515625,0.6412353515625,0,1
0.184326171875,2.081787109375,-172,4
0.17132568359375,1.778076171875,-138,7
0.122802734375,1.80914306640625,-144,3
0.0780029296875,1.77569580078125,-113,2
0.208251953125,3.45562744140625,-94,0
0.1448974609375,4.13262939453125,-96,0
0.23968505859375,2.5145263671875,-152,3
0.10015869140625,1.2333984375,-105,2
0.0677490234375,0.52032470703125,-199,6
0.1627197265625,1.1068115234375,-158,3
0.29913330078125,1.65435791015625,0,7
0.328857421875,6.62713623046875,-107,1
0.349365234375,1.71142578125,-139,4
0.0625,0.14105224609375,0,4
0.08587646484375,1.269775390625,-95,2
0.1141357421875,0.1141357421875,0,1
0.3441162109375,0.3441162109375,0,1
0.07623291015625,1.5078125,-94,1
0.06951904296875,1.76043701171875,-134,1
0.07073974609375,0.07073974609375,0,1
0.1484375,1.18707275390625,-92,2
0.5272216796875,4.321044921875,-152,5
0.03125,0.03125,0,1
0.058349609375,0.058349609375,0,1
0.20623779296875,3.19586181640625,-308,8
0.2294921875,2.23492431640625,-194,3
0.30035400390625,4.36444091796875,-91,4
0.23199462890625,3.9716796875,-323,12
0.188232421875,2.31793212890625,-155,3
0.11932373046875,1.6455078125,-118,2
0.29736328125,0.29736328125,0,1
0.05364990234375,1.9072265625,-144,0
0.3660888671875,3.05419921875,-132,2
0.03887939453125,1.254638671875,-115,18
0.203125,0.69403076171875,0,4
0.09490966796875,2.0179443359375,-183,4
0.33209228515625,0.33209228515625,0,1
0.3125,0.3125,0,1
0.15972900390625,0.15972900390625,0,1
0.3087158203125,3.83587646484375,-205,3
0.3896484375,1.5697021484375,-102,2
0.4453125,0.4453125,0,1
0.1744384765625,1.9652099609375,-162,4
0.12799072265625,0.12799072265625,0,1
0.656494140625,3.716064453125,-148,5
0.66326904296875,2.59130859375,-111,5
0.4609375,0.91412353515625,0,3
0.2744140625,1.5316162109375,-127,3
0.1015625,0.5521240234375,0,12
0.0989990234375,1.56878662109375,-119,3
0.115234375,2.2520751953125,-181,4
0.12933349609375,0.45513916015625,-167,3
0.40667724609375,1.86981201171875,-126,0
0.6383056640625,3.435791015625,-252,6
0.97528076171875,17.09844970703125,-297,1
0.03564453125,0.03564453125,0,1
0.0546875,0.0546875,0,1
0.416015625,1.627685546875,-138,3
0.078125,0.078125,0,1
0.42877197265625,3.65264892578125,-119,0
0.217041015625,2.1937255859375,-112,1
0.31689453125,2.836669921875,-147,1
0.427734375,1.55206298828125,-99,2
0.17510986328125,2.4285888671875,-161,3
0.453125,1.6055908203125,-111,2
0.100341796875,1.87969970703125,-162,3
0.04986572265625,1.31390380859375,-116,2
0.03125,0.03125,0,1
1.0,1.0,1,1
0.5003662109375,0.57257080078125,0,2
0.35516357421875,0.35516357421875,0,1
0.6953125,0.6953125,0,1
0.6142578125,1.89569091796875,-139,4
0.39605712890625,2.76727294921875,-161,0
0.3280029296875,0.3280029296875,0,1
0.49163818359375,0.49163818359375,0,1
0.2645263671875,1.36273193359375,-266,7
0.4921875,0.4921875,0,1
0.94232177734375,2.7791748046875,-180,4
0.28369140625,3.49365234375,-249,6
0.1494140625,0.1494140625,0,1
0.0706787109375,0.962646484375,-160,4
0.2864990234375,2.1312255859375,-306,11
0.33880615234375,0.33880615234375,0,1
0.66070556640625,0.66070556640625,-1,0
0.12030029296875,5.74114990234375,-420,11
0.0738525390625,0.57904052734375,-91,2
0.2861328125,1.4453125,-98,3
0.0860595703125,1.3402099609375,-121,3
0.0931396484375,1.49176025390625,-134,3
0.4398193359375,1.7923583984375,-153,4
0.2470703125,2.754150390625,-153,2
0.1314697265625,0.23199462890625,-208,0
0.14630126953125,1.9964599609375,-162,5
0.23870849609375,2.11981201171875,-192,10
0.19342041015625,2.09075927734375,-128,2
0.45562744140625,2.797119140625,-153,3
0.1549072265625,1.86907958984375,-159,4
0.19537353515625,2.06304931640625,-139,3
0.63909912109375,0.63909912109375,0,1
0.82305908203125,6.47857666015625,-100,0
0.05865478515625,1.79034423828125,-1,80
0.25579833984375,2.36529541015625,-176,1
0.125,0.125,0,1
0.09429931640625,1.6978759765625,-186,5
0.25579833984375,2.59637451171875,-140,2
0.16766357421875,2.25262451171875,-164,3
0.4288330078125,1.703857421875,-156,4
0.19073486328125,1.88043212890625,-116,2
0.22698974609375,2.3511962890625,-178,4
0.515625,2.51763916015625,0,5
0.21875,0.4986572265625,0,3
0.18157958984375,2.07452392578125,-174,5
0.51544189453125,0.5177001953125,-20,1
0.10467529296875,1.6285400390625,-142,4
0.04193115234375,1.23956298828125,-161,1
0.4688720703125,1.730712890625,-131,3
0.125,0.125,0,1
0.95086669921875,8.6541748046875,-105,0
0.8125,1.10052490234375,0,2
0.21875,0.21875,0,1
0.16400146484375,1.9569091796875,-175,5
0.73529052734375,6.31610107421875,-228,6
0.265625,0.84381103515625,0,4
0.3250732421875,2.54669189453125,-201,7
0.13104248046875,0.4068603515625,-94,1
0.18402099609375,0.18402099609375,0,1
0.114501953125,3.75946044921875,-100,0
0.98590087890625,0.98590087890625,0,1
0.286865234375,5.3760986328125,-213,2
0.44677734375,1.7650146484375,-123,3
0.0455322265625,1.07843017578125,-154,4
0.411376953125,6.14788818359375,-80,0
0.4344482421875,1.95947265625,-160,4
0.114990234375,1.77911376953125,-136,12
0.1171875,0.1171875,0,1
0.17938232421875,1.73260498046875,-95,1
0.88433837890625,6.210693359375,-90,0
0.32476806640625,0.32476806640625,0,1
0.0963134765625,2.41241455078125,-129,0
0.3128662109375,2.9451904296875,-112,1
0.2109375,2.0657958984375,-229,6
0.06890869140625,0.99420166015625,-111,2
0.24566650390625,1.47308349609375,-138,3
0.05010986328125,0.05010986328125,0,1
0.504150390625,3.1746826171875,-256,6
0.0966796875,1.47882080078125,-122,3
0.11309814453125,1.72601318359375,-152,4
0.0877685546875,0.0877685546875,0,1
0.16650390625,2.8941650390625,-198,12
0.19927978515625,2.82891845703125,-93,0
0.20404052734375,0.20404052734375,0,1
0.11981201171875,1.55438232421875,-111,3
0.09783935546875,1.525634765625,-163,7
0.185791015625,1.69866943359375,-159,5
0.0543212890625,1.35137939453125,-168,7
0.7618408203125,4.31536865234375,-96,1
0.110595703125,0.69586181640625,-186,6
0.1328125,0.1328125,0,1
0.29058837890625,2.59674072265625,-105,1
0.53656005859375,3.1331787109375,-113,0
0.640625,0.82025146484375,0,2
0.4140625,0.4140625,0,1
0.083251953125,1.2467041015625,-94,2
0.30120849609375,1.635009765625,-162,4
0.0859375,0.0859375,0,1
0.083251953125,2.03363037109375,-79,0
0.17071533203125,1.03594970703125,-99,1
0.24139404296875,1.47442626953125,-108,3
0.0390625,0.1171875,0,3
0.4195556640625,0.4195556640625,0,1
0.05615234375,1.47442626953125,-173,3
0.03826904296875,1.07550048828125,-105,0
1.0,1.0,1,1
0.45062255859375,3.51727294921875,-129,0
0.75177001953125,3.781982421875,-232,6
0.6875,0.6875,0,1
0.1624755859375,6.0667724609375,-223,1
0.071044921875,1.46923828125,-95,2
0.86260986328125,2.4039306640625,-107,0
0.164794921875,1.95703125,-180,5
0.37451171875,2.792724609375,-99,0
0.17535400390625,1.868408203125,-109,2
0.6600341796875,2.884521484375,-89,1
0.22515869140625,1.3717041015625,-201,3
0.06048583984375,0.06048583984375,0,1
0.509033203125,1.76953125,-114,4
0.42999267578125,5.506103515625,-291,6
0.16925048828125,2.80120849609375,-144,1
0.147216796875,0.2529296875,-122,0
0.04547119140625,2.139404296875,-299,2
1.0,1.98297119140625,1,2
0.305419921875,4.59564208984375,-209,2
0.22625732421875,11.88385009765625,-900,49
0.0625,1.41278076171875,-94,25
0.401123046875,2.3177490234375,-159,5
0.33184814453125,0.33184814453125,0,1
0.0703125,0.0703125,0,1
0.3038330078125,1.59918212890625,-166,4
0.74798583984375,2.34808349609375,-120,3
0.2576904296875,2.26129150390625,-142,3
0.5,0.69781494140625,0,2
0.158203125,1.46917724609375,-144,3
0.34991455078125,2.74456787109375,-146,1
0.0853271484375,1.40045166015625,-104,2
0.81915283203125,4.2784423828125,-98,0
0.796875,0.796875,0,1
0.14044189453125,1.56121826171875,-293,8
0.48480224609375,4.9066162109375,-137,0
0.15985107421875,1.649169921875,-98,2
0.3212890625,3.32171630859375,-114,1
0.078125,0.078125,0,1
0.15252685546875,3.78192138671875,-242,6
0.1875,0.5281982421875,0,4
0.13787841796875,0.13787841796875,0,1
0.1527099609375,0.1527099609375,0,1
0.09375,0.25848388671875,0,3
0.16033935546875,2.05218505859375,-173,4
0.05047607421875,0.98724365234375,-113,2
0.20684814453125,1.41192626953125,-143,2
0.03668212890625,1.72796630859375,-241,2
0.12939453125,2.90423583984375,-329,14
0.15142822265625,0.15142822265625,0,1
0.3240966796875,1.74652099609375,-120,3
0.1280517578125,1.974609375,-189,5
0.17523193359375,1.78607177734375,-106,2
0.7823486328125,1.30218505859375,-113,0
0.1041259765625,1.69488525390625,-144,3
0.19189453125,2.4010009765625,-195,5
0.22216796875,0.22216796875,0,1
0.394287109375,1.42425537109375,-98,2
0.08843994140625,1.37823486328125,-111,2
0.172607421875,0.41510009765625,-130,0
0.35382080078125,3.8643798828125,-243,6
0.19354248046875,1.451904296875,-112,2
0.2421875,0.322509765625,0,2
0.43701171875,0.43701171875,0,1
0.33404541015625,0.33404541015625,0,1
0.61492919921875,0.67108154296875,-44,0
0.43011474609375,5.0802001953125,-96,0
0.53533935546875,0.53533935546875,0,1
0.268310546875,1.70672607421875,-140,3
0.09930419921875,1.62139892578125,-162,4
0.16748046875,1.69384765625,-100,2
0.0859375,0.1292724609375,0,2
0.03125,0.69549560546875,-45,0
0.125,0.125,0,1
0.203125,2.1663818359375,-147,3
0.187255859375,1.37152099609375,-101,3
0.43621826171875,0.4364013671875,0,2
0.3348388671875,2.44378662109375,-115,0
0.156982421875,0.156982421875,0,1
0.171142578125,2.08502197265625,-136,2
0.093994140625,1.53607177734375,-159,4
0.36328125,1.4930419921875,-112,3
0.3089599609375,3.972900390625,-112,0
0.0576171875,0.50244140625,-1,17
0.24114990234375,2.0054931640625,-169,4
0.4271240234375,3.13885498046875,-141,2
0.04058837890625,0.808837890625,-101,2
0.11810302734375,1.7677001953125,-146,4
0.03668212890625,0.03753662109375,-1,2
0.33984375,2.3587646484375,-206,6
0.24755859375,4.38800048828125,-160,27
0.42950439453125,2.51885986328125,-83,0
0.06695556640625,0.06695556640625,0,1
0.14337158203125,1.63739013671875,-105,2
0.15093994140625,2.07550048828125,-180,5
0.12847900390625,1.8958740234375,-102,17
0.09747314453125,1.52764892578125,-113,2
0.091552734375,1.36151123046875,-105,2
0.08154296875,0.08154296875,0,1
0.0633544921875,0.69805908203125,-189,5
0.0914306640625,2.56201171875,-246,6
0.153564453125,2.48828125,-101,0
0.0875244140625,1.3739013671875,-116,3
0.24090576171875,0.24090576171875,0,1
0.3212890625,3.0172119140625,-110,0
0.4453125,0.890625,0,2
0.33013916015625,3.922607421875,-169,2
0.500732421875,3.03546142578125,-283,8
0.887939453125,3.272705078125,-122,2
0.385986328125,2.1153564453125,-202,5
0.16729736328125,1.37060546875,-107,3
0.25,0.26422119140625,0,2
0.52117919921875,1.82708740234375,-94,4
0.08441162109375,2.15374755859375,-111,2
0.23956298828125,1.61151123046875,-176,6
0.0390625,0.0390625,0,1
0.99114990234375,5.22906494140625,-136,7
0.1900634765625,5.59320068359375,-88,0
0.560302734375,1.54913330078125,-129,3
0.1217041015625,0.1217041015625,0,1
0.27337646484375,3.68585205078125,-121,2
0.6298828125,7.291748046875,-167,0
0.25006103515625,0.398193359375,0,8
0.05517578125,1.496337890625,-94,0
0.6903076171875,1.82305908203125,-104,3
0.51336669921875,2.12774658203125,-167,4
0.1160888671875,1.22943115234375,-103,3
0.1771240234375,1.9632568359375,-149,3
0.1678466796875,5.53533935546875,-123,0
0.4136962890625,2.01617431640625,-138,4
0.06878662109375,4.502685546875,-424,13
0.99969482421875,5.5289306640625,-309,6
0.17889404296875,1.85333251953125,-116,2
0.3427734375,2.302001953125,-150,4
0.09136962890625,1.36328125,-104,2
0.30767822265625,0.30767822265625,0,1
0.25,0.26068115234375,0,2
0.25177001953125,2.3623046875,-99,1
0.02984619140625,0.02984619140625,0,1
0.3123779296875,0.6182861328125,-142,4
0.2418212890625,1.29443359375,-101,2
0.31097412109375,0.33441162109375,0,2
0.23828125,0.9608154296875,-94,4
0.0390625,0.1297607421875,0,5
0.06402587890625,2.243896484375,-187,1
0.22344970703125,1.76727294921875,-119,7
0.49945068359375,3.0206298828125,-173,2
0.09991455078125,1.537109375,-161,7
0.05157470703125,0.683837890625,-141,3
0.45440673828125,1.45819091796875,-93,2
0.125,0.343017578125,0,5
0.203125,0.43609619140625,0,4
0.131591796875,1.42498779296875,-316,7
0.5909423828125,0.5909423828125,0,1
0.19219970703125,1.321044921875,-103,2
0.1365966796875,0.58349609375,-118,1
0.66339111328125,8.01617431640625,-115,0
0.1085205078125,0.71124267578125,-191,6
0.16802978515625,3.792236328125,-265,4
0.0867919921875,2.1962890625,-110,2
0.1102294921875,1.76593017578125,-144,3
0.67327880859375,5.77752685546875,-106,0
0.31915283203125,3.0662841796875,-248,6
0.30194091796875,0.30194091796875,0,1
0.9361572265625,3.711181640625,-157,4
0.19012451171875,1.82916259765625,-101,1
0.11163330078125,1.7337646484375,-129,3
0.5081787109375,0.5081787109375,0,1
0.1317138671875,1.02996826171875,-118,3
0.09234619140625,2.41827392578125,-88,0
0.384033203125,0.384033203125,0,1
0.10516357421875,1.7154541015625,-166,5
0.0703125,0.140625,0,2
0.326171875,5.51397705078125,-161,1
0.75994873046875,2.42242431640625,-146,6
0.35260009765625,0.35260009765625,0,1
0.05902099609375,1.3253173828125,-89,1
0.60760498046875,1.885009765625,-98,0
0.3448486328125,0.3448486328125,0,1
0.2974853515625,0.3033447265625,-15,0
0.0570068359375,1.45306396484375,-81,0
0.38568115234375,0.93902587890625,-259,7
0.4375,0.4375,0,1
0.29608154296875,2.82867431640625,-110,1
0.2591552734375,1.10552978515625,-113,0
0.2147216796875,0.29754638671875,0,3
0.06524658203125,1.4129638671875,-89,0
0.0859375,0.66009521484375,0,12
0.25494384765625,0.25494384765625,0,1
0.60809326171875,1.9910888671875,-141,3
0.20452880859375,1.64007568359375,-111,4
0.37286376953125,2.38433837890625,-156,5
0.09075927734375,1.34722900390625,-97,2
0.06396484375,0.745361328125,-84,1
0.16900634765625,4.42425537109375,-172,12
0.09796142578125,1.88739013671875,-144,3
0.4658203125,1.5455322265625,-93,3
0.101318359375,0.47064208984375,-109,1
0.330810546875,1.4818115234375,-116,3
0.1136474609375,1.71929931640625,-171,7
0.5234375,0.73297119140625,0,2
0.43017578125,1.825439453125,-126,3
0.11761474609375,0.11761474609375,0,1
0.34619140625,2.51324462890625,-192,5
0.6512451171875,0.6512451171875,0,1
0.99969482421875,1.49139404296875,-153,2
0.59014892578125,2.77777099609375,-208,5
0.26544189453125,2.41973876953125,-240,6
0.43463134765625,2.31829833984375,-153,3
0.265625,0.265625,0,1
0.3125,0.3125,0,1
0.11236572265625,1.9200439453125,-106,1
0.0546875,0.07183837890625,0,2
0.241455078125,3.194091796875,-98,0
0.27337646484375,1.04144287109375,-175,5
0.06524658203125,1.17608642578125,-85,28
0.205078125,4.08203125,-218,3
0.1328125,1.73681640625,0,17
0.2274169921875,1.586669921875,-120,3
0.08013916015625,1.45257568359375,-103,1
0.10321044921875,1.55499267578125,-126,3
0.16314697265625,2.91571044921875,-215,8
0.2801513671875,0.2801513671875,0,1
0.08544921875,1.36395263671875,-104,2
0.35546875,0.39208984375,0,2
0.0567626953125,0.771484375,-189,9
0.21710205078125,0.21710205078125,0,1
0.18359375,1.69183349609375,-114,2
0.26544189453125,1.89910888671875,-178,5
0.4024658203125,2.07080078125,-159,4
0.50335693359375,1.86212158203125,0,12
0.03045654296875,2.4757080078125,-235,2
0.13739013671875,2.32598876953125,-251,8
0.2110595703125,1.33135986328125,-92,3
0.357421875,2.649658203125,-93,0
0.49609375,0.49609375,0,1
0.1107177734375,1.791015625,-141,3
0.3543701171875,0.94305419921875,-91,3
0.44989013671875,2.3681640625,-199,6
0.05743408203125,1.16357421875,-91,2
0.17987060546875,1.241943359375,-148,3
0.1171875,0.1171875,0,1
0.29571533203125,1.95947265625,-189,5
0.310791015625,2.631591796875,-190,2
0.50543212890625,2.01947021484375,-115,0
0.0858154296875,1.9918212890625,-130,3
0.3260498046875,0.44805908203125,0,2
0.46600341796875,5.8841552734375,-227,2
0.03125,0.171875,0,7
0.85760498046875,2.19451904296875,-143,5
0.51959228515625,1.73065185546875,-135,3
0.197021484375,1.96563720703125,-117,2
0.207763671875,1.19610595703125,-178,4
0.19091796875,2.386474609375,-190,6
0.43707275390625,1.96392822265625,-127,3
0.0462646484375,1.48712158203125,-184,8
0.58184814453125,0.75372314453125,0,2
0.06768798828125,0.06768798828125,0,1
0.09375,0.09375,0,1
0.0703125,0.25799560546875,0,5
1.0,1.0,1,1
0.21142578125,4.203369140625,-177,1
0.1951904296875,2.22528076171875,-244,8
0.06280517578125,2.69970703125,-261,22
0.060791015625,1.2073974609375,-108,1
0.0625,0.0625,0,1
0.0960693359375,1.16729736328125,-105,2
0.2421875,0.2421875,0,1
0.2578125,0.2578125,0,1
0.4947509765625,2.463134765625,-207,5
0.14385986328125,3.66693115234375,-88,0
0.494140625,0.494140625,0,1
0.5703125,0.5703125,0,1
0.5859375,0.5859375,0,1
0.286376953125,0.360595703125,-89,0
0.531494140625,0.7845458984375,0,3
0.86016845703125,7.46978759765625,-100,0
0.09375,1.439697265625,-110,2
0.02105712890625,0.02105712890625,0,1
0.20928955078125,2.52154541015625,-157,3
0.2647705078125,2.6671142578125,-136,2
0.7763671875,3.24200439453125,-201,6
0.62103271484375,4.02386474609375,-112,0
0.1014404296875,1.43939208984375,-135,3
0.10540771484375,1.40863037109375,-91,2
0.1484375,0.29473876953125,0,3
0.40496826171875,5.08465576171875,-176,4
0.03961181640625,0.9189453125,-126,3
0.1171875,0.1171875,0,1
0.0909423828125,1.45343017578125,-132,3
0.069580078125,1.58349609375,-144,4
0.24383544921875,0.82452392578125,-117,3
0.7132568359375,0.9854736328125,-125,3
0.41192626953125,0.41192626953125,0,1
0.5804443359375,1.83612060546875,-147,3
0.316650390625,3.72784423828125,-134,1
0.03125,0.03125,0,1
0.044677734375,1.49676513671875,-125,0
0.42864990234375,0.42864990234375,0,1
0.31842041015625,0.31842041015625,0,1
0.2740478515625,0.2740478515625,0,1
0.1065673828125,1.69415283203125,-173,4
0.28448486328125,2.7874755859375,-188,8
0.51513671875,3.05279541015625,-131,39
0.1190185546875,2.02069091796875,-220,7
0.3941650390625,3.88580322265625,-94,1
0.54656982421875,1.7872314453125,-117,3
0.10528564453125,0.60369873046875,-126,3
0.13946533203125,1.63507080078125,-94,1
0.86663818359375,2.96527099609375,-218,5
0.20416259765625,1.41021728515625,-131,2
0.208984375,0.208984375,0,1
0.046875,0.0859375,0,2
0.1083984375,1.704833984375,-156,4
0.25982666015625,0.25982666015625,0,1
0.25433349609375,2.633544921875,-104,1
0.046875,0.046875,0,1
0.41607666015625,2.40777587890625,-211,7
0.44134521484375,0.5550537109375,0,2
0.14422607421875,2.91717529296875,-359,9
0.08935546875,1.616943359375,-162,8
0.0677490234375,1.50518798828125,-141,1
0.09857177734375,1.49481201171875,-183,8
0.28826904296875,0.5257568359375,-127,0
0.7022705078125,0.94757080078125,-78,0
0.59375,0.6453857421875,0,2
0.375,0.375,0,1
0.05645751953125,1.27496337890625,-175,4
0.1953125,0.1953125,0,1
0.25799560546875,2.70538330078125,-124,1
1.0,1.0,1,1
0.20196533203125,1.86993408203125,-94,1
0.265625,0.265625,0,1
0.0484619140625,1.2205810546875,-104,1
0.302490234375,8.25299072265625,-125,0
0.3402099609375,0.34423828125,-9,5
0.18896484375,2.6888427734375,-167,3
0.94219970703125,3.32958984375,-322,9
0.17266845703125,1.78509521484375,-111,2
0.051513671875,0.051513671875,0,1
0.19873046875,1.9898681640625,-119,2
0.13995361328125,2.8492431640625,-208,4
0.046875,1.48663330078125,-106,29
0.7318115234375,3.73345947265625,-101,0
0.38409423828125,4.8555908203125,-202,2
0.12860107421875,1.42584228515625,-106,2
0.24896240234375,0.24896240234375,0,1
0.07745361328125,1.8157958984375,-83,0
0.7554931640625,4.25579833984375,-142,4
0.67108154296875,2.5968017578125,-201,5
0.27008056640625,2.58709716796875,-203,5
0.84381103515625,2.56719970703125,-108,4
0.041015625,1.35223388671875,-198,6
0.48931884765625,2.8243408203125,-173,5
0.42303466796875,4.8399658203125,-327,8
0.14532470703125,5.30279541015625,-200,0
0.4619140625,1.62359619140625,-107,3
0.1109619140625,0.1109619140625,0,1
0.09930419921875,1.5093994140625,-123,3
0.09246826171875,1.3624267578125,-102,2
0.71734619140625,5.1414794921875,-311,8
0.56378173828125,2.96600341796875,-260,7
0.08782958984375,1.279541015625,-91,2
0.140625,0.140625,0,1
0.18927001953125,0.18927001953125,0,1
0.35003662109375,1.7474365234375,-91,4
0.79364013671875,7.923095703125,-137,0
0.16180419921875,4.77105712890625,-133,0
0.38031005859375,0.38031005859375,-1,1
0.8668212890625,4.08074951171875,-123,1
0.1058349609375,1.515869140625,-111,2
0.0703125,0.0703125,0,1
0.0999755859375,0.3992919921875,-217,12
0.0850830078125,1.66729736328125,-221,5
0.48431396484375,0.4844970703125,-2,2
0.09393310546875,2.54388427734375,-98,0
0.51416015625,3.07366943359375,-186,5
0.26751708984375,3.73394775390625,-96,0
0.096923828125,1.5738525390625,-152,4
0.203125,0.203125,0,1
0.29486083984375,0.29486083984375,0,1
0.15423583984375,4.85992431640625,-87,0
0.0390625,1.396728515625,-138,41
0.14703369140625,1.92864990234375,-103,1
0.0550537109375,0.0550537109375,0,1
0.2967529296875,1.95025634765625,-165,5
0.30169677734375,0.30169677734375,0,1
0.3623046875,1.60113525390625,-132,4
0.32586669921875,1.9857177734375,-95,2
0.09735107421875,1.41021728515625,-115,2
0.913330078125,0.913330078125,0,1
0.41265869140625,7.27264404296875,-195,1
0.07635498046875,2.108154296875,-100,1
0.203125,0.51373291015625,0,4
0.60400390625,2.333251953125,-195,5
0.27789306640625,4.09832763671875,-79,0
0.94598388671875,8.3133544921875,-133,0
0.04412841796875,0.04412841796875,0,1
0.18194580078125,2.32611083984375,-214,6
0.17352294921875,1.38824462890625,-176,13
0.1171875,0.1802978515625,0,2
0.172607421875,1.90625,-207,5
0.35870361328125,2.2503662109375,-186,1
0.67547607421875,1.0286865234375,-86,1
0.21893310546875,1.1590576171875,-97,0
0.17706298828125,1.75189208984375,-102,2
0.42596435546875,2.3773193359375,-178,5
0.50067138671875,1.91552734375,-169,5
0.0390625,0.0390625,0,1
0.203125,0.203125,0,1
0.96380615234375,0.96380615234375,0,1
0.571533203125,3.1748046875,-227,5
0.41015625,2.01300048828125,-94,2
0.15411376953125,2.453369140625,-126,1
0.43865966796875,3.356201171875,-135,0
0.31085205078125,4.7142333984375,-107,0
0.23162841796875,2.76885986328125,-177,3
0.0970458984375,1.7860107421875,-159,3
0.02508544921875,0.02508544921875,0,1
0.2105712890625,2.50262451171875,-172,4
0.4609375,1.3828125,0,3
0.3345947265625,1.87451171875,-113,5
0.1015625,0.71380615234375,0,15
0.9893798828125,0.9893798828125,0,1
0.03125,0.53497314453125,0,32
0.12255859375,2.98046875,-239,11
0.287109375,0.287109375,0,1
0.08746337890625,1.2783203125,-171,3
0.1168212890625,1.7811279296875,-119,2
0.7264404296875,4.70703125,-421,11
0.28814697265625,3.26788330078125,-153,1
0.08154296875,1.6806640625,-93,2
1.0,1.0,1,1
0.03997802734375,0.8497314453125,-88,1
0.56878662109375,2.8663330078125,-140,0
0.19647216796875,0.19647216796875,0,1
0.140625,0.3028564453125,0,3
0.197998046875,0.197998046875,0,1
0.1614990234375,0.16156005859375,-2,1
0.49530029296875,3.02630615234375,-248,7
0.358154296875,1.7257080078125,-136,4
1.0,2.74810791015625,-293,7
0.2283935546875,5.291015625,-110,0
0.091796875,2.3138427734375,-100,1
0.18505859375,1.901123046875,-116,2
0.34283447265625,5.99725341796875,-169,6
0.507080078125,3.73370361328125,-128,0
0.07196044921875,1.04779052734375,-191,7
0.7265625,1.271484375,0,3
0.044189453125,1.5220947265625,-174,3
0.03582763671875,0.03582763671875,0,1
0.078125,0.1356201171875,0,2
0.3353271484375,1.68377685546875,-124,3
0.5726318359375,0.5726318359375,0,1
0.234375,0.234375,0,1
0.08013916015625,1.18609619140625,-96,2
0.0546875,0.55078125,-1,18
0.10418701171875,1.74261474609375,-185,5
0.18377685546875,1.7178955078125,-129,1
0.28369140625,2.55474853515625,-98,1
0.41656494140625,0.41656494140625,0,1
0.1060791015625,2.86474609375,-84,0
0.274658203125,3.366943359375,-134,1
0.52325439453125,0.52325439453125,0,1
0.140625,0.140625,0,1
0.2108154296875,1.5614013671875,-175,5
0.340576171875,3.68951416015625,-178,3
0.390625,0.47576904296875,0,2
0.6588134765625,5.3994140625,-295,8
0.0623779296875,0.751953125,-197,5
0.59454345703125,4.4130859375,-89,0
0.7032470703125,7.6944580078125,-103,0
0.05169677734375,1.32269287109375,-103,1
0.65625,0.65625,0,1
0.31591796875,6.8192138671875,-226,1
0.275390625,0.275390625,0,1
0.2947998046875,2.2181396484375,-181,6
0.4921875,0.59600830078125,0,2
0.69464111328125,21.99737548828125,-714,4
0.1641845703125,0.276123046875,-103,0
0.30816650390625,4.294677734375,-118,0
0.07452392578125,1.7261962890625,-85,1
0.061279296875,1.5338134765625,-161,12
0.3514404296875,0.3514404296875,0,1
0.10760498046875,1.4739990234375,-152,4
0.3046875,0.54522705078125,0,4
0.6094970703125,0.6094970703125,0,1
0.09234619140625,2.45050048828125,-109,1
0.0484619140625,1.33563232421875,-124,3
0.09429931640625,1.4278564453125,-114,3
0.10784912109375,1.5186767578125,-102,2
0.21478271484375,0.21478271484375,0,1
0.5234375,2.77581787109375,-202,5
0.04656982421875,1.66619873046875,-119,0
1.0,1.0,1,1
0.29034423828125,3.04315185546875,-156,2
0.32659912109375,1.5120849609375,-125,3
0.0604248046875,1.41680908203125,-231,8
0.1038818359375,1.421630859375,-113,2
0.30352783203125,0.31988525390625,-27,0
0.0909423828125,0.0909423828125,0,1
0.03369140625,2.3369140625,-247,1
0.983154296875,0.983154296875,0,1
0.19793701171875,2.03814697265625,-167,6
0.1824951171875,1.38812255859375,-122,3
0.1961669921875,0.2479248046875,0,2
0.96295166015625,1.224365234375,-101,1
0.1031494140625,1.00274658203125,-107,1
0.1513671875,1.17852783203125,-128,2
0.360595703125,3.4417724609375,-129,1
0.148193359375,1.66632080078125,-166,6
0.1309814453125,2.365234375,-116,1
0.4921875,0.4921875,0,1
0.71539306640625,8.3841552734375,-222,1
0.11895751953125,3.8431396484375,-474,22
0.3262939453125,0.3262939453125,0,1
0.3203125,0.63946533203125,0,2
0.0916748046875,0.09173583984375,-2,0
0.15167236328125,2.4608154296875,-190,4
0.16949462890625,1.51055908203125,-155,4
0.3671875,0.3671875,0,1
0.08917236328125,1.54266357421875,-126,3
0.2850341796875,1.9503173828125,-187,5
0.0914306640625,1.274658203125,-204,6
0.05230712890625,0.96728515625,-92,1
0.6053466796875,4.38214111328125,-263,6
0.0859375,2.04705810546875,0,41
0.20001220703125,4.79400634765625,-131,0
0.103759765625,1.57061767578125,-122,3
0.09503173828125,0.09503173828125,0,1
0.18536376953125,1.58160400390625,-173,5
0.2403564453125,4.31048583984375,-139,0
0.3887939453125,5.3782958984375,-89,0
0.1170654296875,1.668212890625,-140,3
0.13531494140625,0.13531494140625,0,1
0.17156982421875,0.17156982421875,0,1
0.4844970703125,4.42120361328125,-291,6
0.0914306640625,2.19647216796875,-87,0
0.1878662109375,1.29736328125,-181,3
0.15869140625,1.42303466796875,-129,4
0.97869873046875,2.5433349609375,-126,3
0.396484375,1.7830810546875,-113,4
0.8602294921875,2.02410888671875,-122,3
0.0390625,0.0390625,0,1
0.24566650390625,0.24566650390625,0,1
0.28125,0.83782958984375,0,7
0.0792236328125,2.00128173828125,-123,0
0.0401611328125,1.16497802734375,-52,37
0.1693115234375,3.434814453125,-90,0
0.1025390625,1.927490234375,-169,4
0.41961669921875,0.41961669921875,0,1
0.39093017578125,0.50701904296875,0,2
0.1866455078125,2.91558837890625,-192,4
0.6383056640625,5.05609130859375,-110,0
0.1947021484375,1.9359130859375,-106,1
0.100830078125,1.4613037109375,-146,4
0.1680908203125,0.1680908203125,0,1
0.40093994140625,4.162841796875,-105,2
0.67095947265625,1.5489501953125,-139,3
0.0338134765625,0.0338134765625,0,1
0.32537841796875,0.568603515625,0,4
0.2139892578125,1.239990234375,-151,2
0.0877685546875,2.359619140625,-82,0
0.0836181640625,2.80194091796875,-107,0
0.12469482421875,0.7401123046875,-171,4
0.562744140625,0.78460693359375,-4,4
0.37225341796875,6.415283203125,-141,0
0.17840576171875,1.34210205078125,-101,1
0.310302734375,1.3973388671875,-102,3
0.0374755859375,1.1160888671875,-49,41
0.158203125,3.90203857421875,-82,0
0.185546875,2.04547119140625,-161,4
0.10302734375,2.0260009765625,-225,6
0.08831787109375,0.08831787109375,0,1
0.784912109375,7.4874267578125,-169,1
0.4334716796875,0.43377685546875,0,2
0.1387939453125,2.11138916015625,-83,0
0.11456298828125,0.87890625,-226,7
0.15069580078125,0.15069580078125,0,1
0.62408447265625,2.3577880859375,-180,4
0.19232177734375,1.673828125,-191,6
0.17926025390625,1.66558837890625,-152,5
0.14013671875,0.43414306640625,-176,0
0.19012451171875,0.19012451171875,0,1
0.08990478515625,1.3663330078125,-103,2
0.35699462890625,0.5936279296875,-152,4
0.23602294921875,2.97723388671875,-103,0
0.9776611328125,2.97491455078125,-154,5
0.2890625,0.2890625,0,1
0.1953125,0.253173828125,0,2
0.07525634765625,1.6468505859375,-100,2
0.4140625,1.57305908203125,-105,2
0.754150390625,2.390869140625,-144,4
0.032958984375,0.03466796875,-8,1
0.3372802734375,2.2978515625,-202,5
0.9991455078125,1.83154296875,-159,1
0.32012939453125,1.6356201171875,-130,3
0.065185546875,1.54022216796875,-132,16
0.2191162109375,0.61907958984375,-116,2
0.1171875,0.1171875,0,1
0.0963134765625,1.52337646484375,-135,3
0.09271240234375,0.09271240234375,0,1
0.046875,0.046875,0,1
0.07781982421875,1.42010498046875,-138,3
0.09716796875,0.09716796875,0,1
0.1287841796875,0.7369384765625,-164,4
0.20404052734375,2.38568115234375,-190,5
0.1790771484375,2.198486328125,-185,4
0.24945068359375,1.34136962890625,-263,3
0.03125,0.03125,0,1
0.34088134765625,0.93304443359375,0,6
0.280029296875,2.81976318359375,-141,2
0.1800537109375,1.629150390625,-146,4
0.08544921875,1.8887939453125,-120,2
0.02227783203125,0.02227783203125,0,1
0.3592529296875,3.19134521484375,-221,8
0.291015625,1.4720458984375,-120,3
0.07672119140625,0.07672119140625,0,1
0.546875,0.546875,0,1
0.064208984375,1.3531494140625,-92,1
0.11480712890625,0.11480712890625,0,1
0.17724609375,1.3685302734375,-264,5
0.758544921875,8.09771728515625,-158,0
0.1785888671875,0.1785888671875,0,1
0.29461669921875,1.96893310546875,-110,3
0.1943359375,2.09588623046875,-154,3
0.21868896484375,2.57177734375,-113,1
0.38482666015625,3.187255859375,-245,6
0.40728759765625,2.12371826171875,-166,5
0.10272216796875,0.90869140625,-137,4
0.31427001953125,4.39349365234375,-208,4
0.1102294921875,0.44708251953125,-192,8
0.1888427734375,2.2958984375,-148,3
0.119140625,2.6534423828125,-165,4
0.251953125,0.251953125,0,1
0.0771484375,1.89715576171875,-120,2
0.107177734375,1.6107177734375,-133,3
0.041259765625,0.82647705078125,-146,7
0.21966552734375,2.90802001953125,-260,7
0.1640625,0.1640625,0,1
0.2408447265625,2.423828125,-131,2
0.265625,0.4615478515625,0,3
0.21392822265625,1.48126220703125,-115,2
0.11505126953125,2.3038330078125,-103,0
0.04010009765625,3.51165771484375,-428,27
0.13885498046875,1.78936767578125,-90,1
0.281982421875,1.83935546875,-195,5
0.09808349609375,1.88665771484375,-178,5
0.564697265625,2.210693359375,-184,5
0.3218994140625,0.34161376953125,0,2
0.46795654296875,1.02838134765625,-148,1
0.0703125,0.0703125,0,1
0.098876953125,1.7315673828125,-119,2
0.218505859375,4.19561767578125,-185,1
0.105712890625,1.7591552734375,-190,5
0.30926513671875,4.41912841796875,-337,10
0.1297607421875,2.505615234375,-167,17
0.53125,0.5313720703125,0,2
0.135009765625,1.692138671875,-106,2
0.448486328125,2.78570556640625,-182,4
0.1953125,0.2276611328125,0,2
0.36492919921875,0.36492919921875,-1,1
0.40087890625,0.9962158203125,-94,2
0.24603271484375,0.31866455078125,-123,0
0.239501953125,1.4571533203125,-127,3
0.54730224609375,1.6473388671875,-101,3
0.19781494140625,3.0614013671875,-181,5
0.59210205078125,2.02264404296875,-115,3
0.1334228515625,1.1363525390625,-94,2
0.3798828125,5.500244140625,-118,0
0.37689208984375,1.531005859375,-102,6
0.3577880859375,0.3577880859375,0,1
0.197021484375,2.5635986328125,-138,3
0.234619140625,2.2054443359375,-212,6
0.0703125,0.1328125,0,2
0.19378662109375,2.1453857421875,-131,2
0.08038330078125,2.02197265625,-124,2
0.40386962890625,0.6932373046875,0,4
0.2890625,2.17437744140625,-233,7
0.21875,0.21875,0,1
0.5234375,1.5186767578125,-192,6
0.3203125,0.358154296875,0,2
0.13299560546875,1.4354248046875,-379,12
0.39398193359375,4.80767822265625,-113,1
0.2337646484375,6.3626708984375,-85,0
0.68389892578125,1.76971435546875,-94,1
0.0838623046875,1.46240234375,-137,4
0.2210693359375,2.32177734375,-123,2
0.60638427734375,3.45928955078125,-215,4
1.0,1.0,1,1
0.1710205078125,1.942626953125,-156,4
0.1484375,0.1484375,0,1
0.046875,0.046875,0,1
0.2216796875,0.2216796875,0,1
0.54876708984375,0.54876708984375,0,1
0.3046875,0.3046875,0,1
0.02752685546875,1.23162841796875,-142,4
0.19085693359375,1.29339599609375,-96,2
0.28125,0.65374755859375,0,3
0.10919189453125,1.97711181640625,-110,24
0.0946044921875,1.615966796875,-116,2
0.3314208984375,0.3314208984375,-1,0
0.1669921875,4.64105224609375,-121,0
0.6171875,0.6171875,0,1
0.17254638671875,5.3060302734375,-102,0
0.078125,0.078125,0,1
0.2996826171875,1.86627197265625,-114,5
0.6888427734375,2.60455322265625,-218,5
0.177978515625,1.5035400390625,-124,3
0.1875,0.87518310546875,0,10
0.19305419921875,2.0584716796875,-134,3
0.03125,0.0506591796875,0,2
0.8828125,0.97894287109375,0,2
0.04681396484375,3.089599609375,-177,0
0.17938232421875,2.23016357421875,-99,0
0.57080078125,0.57080078125,0,1
0.27984619140625,2.7059326171875,-132,1
0.13482666015625,1.51226806640625,-174,7
0.4453125,0.4453125,0,1
0.20751953125,1.65264892578125,-107,3
0.11566162109375,1.62030029296875,-154,7
0.66009521484375,2.293212890625,-151,4
0.28912353515625,0.28912353515625,0,1
0.24078369140625,1.6409912109375,-129,3
0.1170654296875,0.1170654296875,0,1
0.3203125,0.3203125,0,1
0.175537109375,1.85247802734375,-189,10
0.04132080078125,0.04132080078125,0,1
0.13677978515625,1.818603515625,-104,1
0.19451904296875,2.10308837890625,-124,2
0.09161376953125,1.36248779296875,-104,2
0.16851806640625,1.60284423828125,-133,3
0.48870849609375,0.48870849609375,0,1
0.5037841796875,2.19244384765625,-162,5
0.35064697265625,0.48089599609375,0,3
0.29803466796875,0.6478271484375,-79,5
0.12457275390625,1.522216796875,-166,4
0.2353515625,0.2353515625,0,1
0.04449462890625,0.04449462890625,0,1
0.1796875,0.1796875,0,1
0.38372802734375,0.38372802734375,0,1
0.3515625,0.469482421875,0,2
0.09344482421875,0.09344482421875,0,1
0.13153076171875,3.812255859375,-89,0
0.203125,0.39813232421875,0,2
0.3671875,0.60760498046875,0,3
0.08538818359375,1.72705078125,-171,6
0.23046875,3.1820068359375,-248,7
0.104248046875,0.8128662109375,-176,6
0.242919921875,2.2708740234375,-105,1
0.4395751953125,5.31524658203125,-157,1
0.328125,0.65625,0,2
0.4765625,1.37310791015625,0,3
0.109375,0.4383544921875,0,5
0.0789794921875,1.77545166015625,-115,2
0.14898681640625,3.17559814453125,-282,7
0.138427734375,1.79931640625,-150,4
0.09619140625,1.48297119140625,-125,3
0.26849365234375,2.42950439453125,-128,1
0.2109375,0.2109375,0,1
0.24212646484375,3.0914306640625,-151,4
0.1427001953125,2.6043701171875,-207,2
0.07318115234375,1.51458740234375,-103,2
0.57177734375,0.8416748046875,0,3
0.071044921875,1.1234130859375,-182,5
0.35198974609375,1.52685546875,-131,3
0.41748046875,1.41326904296875,-92,2
0.343017578125,3.427734375,-224,5
0.1839599609375,3.38140869140625,-133,0
0.21099853515625,2.9635009765625,-133,3
0.078125,0.3267822265625,0,7
0.994140625,14.7608642578125,-300,1
0.10113525390625,4.7967529296875,-529,23
0.34820556640625,3.255859375,-198,4
0.26092529296875,0.26092529296875,0,1
0.39971923828125,2.61627197265625,-108,0
